,trend,total_volume,social_buzz,more_social,one_word
1,saksutopia,0.0,0,True,True
2,oscars2016,0.0,9,True,True
5,cfdaawards,480.0,12,False,True
6,billboardmusicawards,1260.0,5,False,True
24,mtvmovieawards,7090.0,1003,False,True
27,pregnancyfashion,120.0,233,True,True
28,hollywoodawards,150.0,4,False,True
31,maternitystyle,230.0,389,True,True
32,mkshanghai,110.0,0,False,True
35,maternityfashion,190.0,283,True,True
36,microdermobrasian,120.0,32,False,True
53,sakscanada,60.0,6,False,True
65,criticschoiceawards,230.0,3,False,True
84,mpfw,620.0,0,False,True
90,cannesfilmfestival,690.0,5,False,True
95,acmawards,4070.0,330,False,True
96,mtvvma,5170.0,3,False,True
101,newyorkfashionweek,1540.0,34,False,True
102,burshed,330.0,0,False,True
106,milanfashionweek,610.0,29,False,True
112,cmtawards,1880.0,0,False,True
118,parisfashionweek,1280.0,61,False,True
125,trapeztaschen,570.0,0,False,True
133,tonyawards,3850.0,23,False,True
153,laminted,650.0,40,False,True
170,emmyawards,1310.0,0,False,True
184,lowlighting,530.0,0,False,True
217,tribecafilm,1100.0,10,False,True
227,pmfw,1160.0,0,False,True
236,academyawards,2760.0,4,False,True
242,fashiondiaries,1400.0,410,False,True
243,cmaawards,3480.0,32,False,True
248,teenchoiceawards,22320.0,0,False,True
285,cottoninc,1400.0,0,False,True
303,londonfashionweek,5610.0,48,False,True
306,criticschoice,900.0,11,False,True
307,styleweek,1210.0,10,False,True
310,lookoftheday,2030.0,606,False,True
333,nyfwm,7560.0,33,False,True
337,teenchoice,43050.0,0,False,True
342,styleblogger,1830.0,438,False,True
343,fabmom,1850.0,224,False,True
358,armparty,1640.0,81,False,True
359,pictureoftheday,1600.0,38,False,True
373,latingrammy,5020.0,0,False,True
388,nsale,5700.0,1,False,True
389,metgala,76240.0,44,False,True
432,peopleschoiceawards,1270.0,0,False,True
511,bbmas,38300.0,269,False,True
573,tylie,3470.0,0,False,True
610,leopardprint,3170.0,27,False,True
647,mmfw,2860.0,0,False,True
676,betawards,31550.0,1,False,True
701,instacute,1890.0,38,False,True
718,mtvema,62970.0,3,False,True
762,momtobe,3450.0,268,False,True
827,streetphotography,6660.0,52,False,True
836,glitten,3980.0,1942,False,True
839,mommytobe,7220.0,219,False,True
841,oiliness,6270.0,15,False,True
842,hacing,5870.0,91,False,True
865,tokion,4760.0,13,False,True
873,crowsfeet,5410.0,1,False,True
946,fashionblogger,8110.0,2199,False,True
977,instafashion,5900.0,1980,False,True
1072,armcandy,10960.0,157,False,True
1128,brightener,10160.0,87,False,True
1162,goldenglobe,3330.0,22,False,True
1233,aactas,1960.0,12,False,True
1252,d-frame,14900.0,0,False,True
1297,sagawards,2080.0,51,False,True
1367,dupioni,18800.0,16,False,True
1381,mtvu,16600.0,0,False,True
1414,midkini,76100.0,1,False,True
1438,pashli,20100.0,1,False,True
1464,wiwt,24300.0,375,False,True
1471,photooftheday,15500.0,1297,False,True
1485,picoftheday,23600.0,1938,False,True
1492,pouchette,13580.0,9,False,True
1509,shirting,17900.0,248,False,True
1555,littleblackdress,22700.0,42,False,True
1591,neutrals,18400.0,1187,False,True
1618,lipscrub,12320.0,10,False,True
1630,lowlight,17600.0,25,False,True
1635,instadaily,14780.0,1393,False,True
1645,bbma,71100.0,6,False,True
1649,rashies,12020.0,61,False,True
1664,baftas,135200.0,78,False,True
1733,bronzing,28900.0,148,False,True
1753,goldenglobes,3890.0,21,False,True
1759,cutoffs,28800.0,236,False,True
1766,minimizing,25400.0,65,False,True
1792,v-necks,36900.0,0,False,True
1802,wrislet,20000.0,84,False,True
1870,basketweave,22300.0,36,False,True
1889,accentuating,31100.0,19,False,True
1917,monocles,38300.0,17,False,True
1943,pandaboard,47200.0,0,False,True
1956,nyfw,197800.0,968,False,True
1964,sleepshirts,21900.0,4,False,True
1970,dryness,37600.0,123,False,True
1974,peopleschoice,44400.0,1,False,True
2003,shortalls,119800.0,15,False,True
2008,puffiness,33700.0,55,False,True
2021,lfw,83200.0,849,False,True
2041,suiting,48500.0,265,False,True
2122,headpieces,80900.0,365,False,True
2167,sweatshorts,76700.0,165,False,True
2174,pfw,67500.0,973,False,True
2188,dullness,49200.0,47,False,True
2212,challis,56600.0,10,False,True
2241,up-dos,77100.0,0,False,True
2248,cubeez,40900.0,0,False,True
2250,shortboard,90400.0,3,False,True
2256,boiled,53400.0,220,False,True
2265,babybump,58400.0,324,False,True
2272,lasercut,52400.0,46,False,True
2288,shantung,77400.0,33,False,True
2323,vmas,880500.0,22,False,True
2339,luminizer,50600.0,42,False,True
2381,espys,649100.0,0,False,True
2388,faille,76200.0,71,False,True
2393,tolani,111100.0,159,False,True
2406,waterski,101100.0,4,False,True
2411,broga,96700.0,1,False,True
2419,hummingboard,90200.0,76,False,True
2528,balconette,90900.0,62,False,True
2535,cmts,108400.0,0,False,True
2540,uffie,96300.0,5,False,True
2576,netduino,100700.0,0,False,True
2578,pastelle,57500.0,47,False,True
2585,draping,96300.0,1082,False,True
2592,fatigues,78600.0,231,False,True
2593,knits,80700.0,412,False,True
2598,charmeuse,92700.0,40,False,True
2600,skimmers,96300.0,33,False,True
2632,instagood,57300.0,2166,False,True
2645,aacta,21800.0,6,False,True
2653,pcas,86400.0,0,False,True
2659,redness,73500.0,181,False,True
2665,capelet,84900.0,28,False,True
2671,d'orsay,144900.0,81,False,True
2698,shadowing,117700.0,11,False,True
2720,shirtdress,183200.0,259,False,True
2752,cheekies,81900.0,7,False,True
2764,zerogrand,67200.0,27,False,True
2795,hanky,93000.0,100,False,True
2801,flatforms,205900.0,193,False,True
2809,igers,136800.0,254,False,True
2816,streetstyle,107900.0,4113,False,True
2830,matelasse,179900.0,54,False,True
2849,turbans,127000.0,73,False,True
2854,wiw,141200.0,535,False,True
2864,fransen,184600.0,55,False,True
2865,headscarf,116300.0,33,False,True
2882,udoo,143900.0,0,False,True
2915,ripstop,152000.0,41,False,True
2924,balding,124300.0,37,False,True
2936,minaudiere,142800.0,46,False,True
2955,lunargrand,134600.0,0,False,True
2960,highlighting,121700.0,513,False,True
2965,felle,105600.0,1,False,True
2980,bnwt,119500.0,0,False,True
3032,athleisure,117200.0,653,False,True
3042,handwarmer,56700.0,0,False,True
3050,emmys,784800.0,82,False,True
3060,shimmering,108800.0,304,False,True
3061,chintz,199900.0,40,False,True
3101,coatigan,116600.0,4,False,True
3117,concho,146600.0,100,False,True
3124,beaded,125100.0,1017,False,True
3141,followme,157900.0,425,False,True
3143,shading,167300.0,6299,False,True
3173,neckerchief,154000.0,21,False,True
3175,upscale,179300.0,157,False,True
3195,candelabras,225300.0,30,False,True
3197,cmas,280000.0,9,False,True
3203,embellishments,257500.0,389,False,True
3219,eyelet,231900.0,541,False,True
3221,poplin,207300.0,389,False,True
3245,updo,220400.0,503,False,True
3254,sunspots,227800.0,14,False,True
3264,blending,190000.0,406,False,True
3271,wingtip,180100.0,98,False,True
3295,tsovet,149900.0,14,False,True
3310,meggings,167900.0,1,False,True
3323,paddleboard,365500.0,45,False,True
3324,kneeboard,289200.0,0,False,True
3327,fringes,245000.0,560,False,True
3328,headwrap,168100.0,42,False,True
3349,blemishes,231900.0,194,False,True
3359,illuminator,176100.0,359,False,True
3360,brits,276400.0,74,False,True
3383,slouch,225300.0,252,False,True
3384,miraclesuit,515700.0,67,False,True
3386,detangler,200700.0,87,False,True
3399,gorjana,165400.0,168,False,True
3407,ladylike,258900.0,206,False,True
3423,cords,203100.0,122,False,True
3438,georgette,263800.0,116,False,True
3449,kimye,161700.0,35,False,True
3469,tonys,272300.0,3,False,True
3470,cheilitis,263800.0,0,False,True
3502,bifocals,241700.0,3,False,True
3513,taffeta,279600.0,71,False,True
3554,wilt,293200.0,39,False,True
3558,scrunchie,291600.0,18,False,True
3567,nightie,219500.0,31,False,True
3583,quilted,163500.0,406,False,True
3584,moire,299200.0,69,False,True
3586,ikat,353500.0,118,False,True
3589,petites,725700.0,969,False,True
3595,netting,501300.0,33,False,True
3600,cummerbund,383300.0,5,False,True
3606,jetset,371500.0,117,False,True
3611,seersucker,660300.0,171,False,True
3614,reversible,311200.0,555,False,True
3622,nieten,433900.0,16,False,True
3630,otk,352100.0,30,False,True
3642,bafta,581000.0,66,False,True
3646,woven,371500.0,1461,False,True
3655,exfoliator,310100.0,93,False,True
3656,undershirt,316700.0,17,False,True
3665,crewneck,231800.0,271,False,True
3678,loden,265600.0,1,False,True
3680,wrinkles,340100.0,692,False,True
3697,neopren,506700.0,249,False,True
3699,hydration,430700.0,545,False,True
3707,bedhead,279600.0,97,False,True
3711,twill,378900.0,434,False,True
3713,brows,248900.0,1468,False,True
3732,brights,175900.0,1323,False,True
3748,chambray,650500.0,853,False,True
3751,embroidered,417500.0,1924,False,True
3767,gingham,550500.0,485,False,True
3782,gauchos,472500.0,53,False,True
3785,savings,415900.0,2615,False,True
3786,bralet,483100.0,93,False,True
3797,shimmer,380300.0,944,False,True
3799,amas,680900.0,24,False,True
3817,teff,426500.0,2,False,True
3823,skincare,430700.0,4253,False,True
3827,readers,378900.0,1059,False,True
3834,whiteheads,432300.0,18,False,True
3842,pinstripes,393700.0,167,False,True
3843,zits,438100.0,44,False,True
3848,sporty,439700.0,979,False,True
3850,undershirts,353000.0,18,False,True
3851,hyperpigmentation,557500.0,34,False,True
3855,tagsforlikes,483100.0,355,False,True
3858,wearables,476100.0,499,False,True
3867,skimboard,708100.0,2,False,True
3873,voile,654500.0,114,False,True
3884,strobing,504300.0,206,False,True
3889,skort,1199000.0,63,False,True
3896,aviators,561500.0,303,False,True
3897,fallon,521500.0,923,False,True
3899,hotpants,753000.0,10,False,True
3907,preppy,566500.0,341,False,True
3913,kamut,722000.0,4,False,True
3918,ponte,559500.0,136,False,True
3926,normcore,680500.0,44,False,True
3927,sebum,490500.0,40,False,True
3933,barrettes,396700.0,102,False,True
3942,rollerball,442900.0,43,False,True
3943,tees,705500.0,2203,False,True
3953,jacquard,599500.0,445,False,True
3961,boardshorts,948000.0,202,False,True
3963,lcm,741500.0,85,False,True
3970,anti-aging,695500.0,181,False,True
3973,espadrille,979000.0,935,False,True
3979,fabfitfun,378000.0,120,False,True
4003,asymmetrical,533200.0,259,False,True
4010,threading,579500.0,31,False,True
4012,ruffles,573000.0,1399,False,True
4022,memebox,501300.0,14,False,True
4030,rashguard,973500.0,132,False,True
4032,vma,1881000.0,19,False,True
4045,mfw,773500.0,699,False,True
4058,tyvek,800500.0,3,False,True
4060,brocade,679000.0,83,False,True
4068,bandeau,1165000.0,304,False,True
4071,bangle,591000.0,900,False,True
4072,navajo,779500.0,52,False,True
4080,organza,760000.0,211,False,True
4082,photoshoot,746500.0,1288,False,True
4089,slacks,773500.0,155,False,True
4093,shoelaces,711000.0,32,False,True
4095,optical,706000.0,453,False,True
4100,thatcher,662000.0,27,False,True
4105,beutel,820000.0,7,False,True
4110,damask,733000.0,60,False,True
4113,mules,853000.0,333,False,True
4119,sheepskin,542000.0,89,False,True
4122,khakis,719500.0,517,False,True
4134,bridal,1001500.0,6046,False,True
4145,metallic,597500.0,2292,False,True
4150,herringbone,640000.0,218,False,True
4151,sequins,591000.0,761,False,True
4163,slg,1121000.0,11,False,True
4164,windsurf,1667500.0,3,False,True
4168,bodyboard,1195000.0,0,False,True
4175,gauze,711500.0,104,False,True
4176,sunburn,1008000.0,107,False,True
4177,highlighters,1245000.0,814,False,True
4189,clutches,2240500.0,263,False,True
4190,verbena,1322000.0,61,False,True
4194,sliders,995500.0,263,False,True
4196,chiffon,1315500.0,660,False,True
4206,bowtie,763000.0,315,False,True
4208,spelt,1015000.0,24,False,True
4212,madras,995500.0,73,False,True
4216,tubular,606600.0,342,False,True
4222,pimple,776500.0,300,False,True
4223,checks,1132000.0,252,False,True
4230,culottes,1460000.0,472,False,True
4240,chenille,875500.0,25,False,True
4241,anklet,931000.0,1522,False,True
4244,trench,1060500.0,1242,False,True
4245,emulsion,985000.0,23,False,True
4247,cloche,899500.0,24,False,True
4248,mangosteen,1143000.0,4,False,True
4252,peplum,1365000.0,280,False,True
4273,houndstooth,755000.0,65,False,True
4279,gaucho,1260000.0,111,False,True
4281,azalea,1808000.0,612,False,True
4285,colorful,1007500.0,3871,False,True
4286,kitesurf,1632000.0,1,False,True
4291,superfood,747500.0,480,False,True
4296,farro,1410000.0,52,False,True
4298,grammys,2135300.0,87,False,True
4299,perm,1171000.0,81,False,True
4303,briefs,1096000.0,289,False,True
4309,utility,1470000.0,329,False,True
4311,sheer,1137500.0,1583,False,True
4313,minimal,1073500.0,1601,False,True
4326,lilac,1406000.0,437,False,True
4329,waxing,1310000.0,138,False,True
4336,weekender,1082000.0,232,False,True
4338,seaweed,1210000.0,128,False,True
4341,burlap,1470000.0,103,False,True
4344,monokini,2663000.0,133,False,True
4346,ascot,1481500.0,40,False,True
4347,scuba,1335000.0,170,False,True
4355,cloak,980000.0,59,False,True
4359,stripes,1210000.0,4075,False,True
4365,tweed,1214500.0,277,False,True
4367,wakeboard,2539000.0,2,False,True
4368,loafer,924500.0,939,False,True
4374,beret,1220500.0,34,False,True
4380,nair,1101500.0,25,False,True
4391,sombre,1349000.0,42,False,True
4392,sublimation,1651000.0,16,False,True
4394,nautical,1640000.0,721,False,True
4395,linen,1555000.0,2004,False,True
4396,bangs,1215500.0,509,False,True
4398,earring,1123500.0,3865,False,True
4399,wetsuit,1809000.0,128,False,True
4403,moisturizer,1226000.0,1015,False,True
4405,dungarees,1290500.0,147,False,True
4407,conditioner,1162500.0,679,False,True
4411,henley,1132000.0,253,False,True
4415,wraps,1460000.0,422,False,True
4417,sunscreen,2926000.0,605,False,True
4418,prints,1485500.0,2946,False,True
4420,cami,1290500.0,394,False,True
4421,lame,1575000.0,94,False,True
4430,bronzer,1221000.0,1117,False,True
4433,anorak,1239500.0,116,False,True
4434,matte,1162500.0,2503,False,True
4436,mauve,1285000.0,202,False,True
4440,oscars,5067500.0,296,False,True
4444,stiletto,1365000.0,298,False,True
4451,spf,1665000.0,701,False,True
4453,amaranth,1791000.0,14,False,True
4457,mustard,1285000.0,366,False,True
4461,tankini,5618000.0,179,False,True
4465,jockstrap,1610000.0,4,False,True
4466,gown,1500000.0,3940,False,True
4470,cmt,2265000.0,50,False,True
4471,plum,1923000.0,495,False,True
4472,trunks,1791000.0,1166,False,True
4479,gilet,1361000.0,89,False,True
4480,floral,1707000.0,8176,False,True
4481,shopper,1785000.0,895,False,True
4486,want,1798000.0,22065,False,True
4491,wellies,1396500.0,73,False,True
4492,platform,1851000.0,1812,False,True
4494,satchel,1575000.0,537,False,True
4495,festival,2709000.0,12454,False,True
4496,serum,1746000.0,1065,False,True
4497,birkenstocks,2361000.0,67,False,True
4498,corduroy,1189000.0,102,False,True
4500,pack,1420000.0,5079,False,True
4507,chartreuse,1515000.0,78,False,True
4509,mesh,1887000.0,1390,False,True
4510,cannes,4060000.0,465,False,True
4512,jean,1635000.0,2373,False,True
4513,ootd,2139000.0,10958,False,True
4514,polyester,1887000.0,164,False,True
4516,promotion,1635000.0,663,False,True
4517,trousers,2043000.0,1114,False,True
4519,acai,2103000.0,152,False,True
4520,aztec,1610000.0,225,False,True
4522,raincoat,1944500.0,192,False,True
4524,tunics,1283500.0,771,False,True
4525,chinos,1665000.0,317,False,True
4527,highlighter,1352500.0,843,False,True
4528,urbanears,1007000.0,11,False,True
4529,caftan,2064000.0,197,False,True
4531,masks,1733000.0,602,False,True
4535,thermal,987000.0,177,False,True
4542,satin,1550000.0,940,False,True
4543,dandruff,1395000.0,92,False,True
4544,romper,3566000.0,1711,False,True
4545,canary,1270500.0,107,False,True
4546,creepers,1791000.0,99,False,True
4552,tie-dye,2528000.0,74,False,True
4553,carry-on,1550000.0,25,False,True
4555,boho,2445000.0,3706,False,True
4558,resort,2103000.0,1879,False,True
4563,slip,2265000.0,1922,False,True
4569,mousse,1641000.0,440,False,True
4570,cma,2311000.0,35,False,True
4571,wristlet,1209000.0,86,False,True
4573,tote,1995000.0,2034,False,True
4576,snood,1042500.0,5,False,True
4578,blackheads,1621000.0,150,False,True
4579,marsala,2212000.0,102,False,True
4580,beige,2301000.0,758,False,True
4581,petite,1707000.0,924,False,True
4585,obsidian,2301000.0,82,False,True
4587,graphic,1280500.0,2309,False,True
4589,chemise,1851000.0,188,False,True
4591,microdermabrasion,1959000.0,33,False,True
4593,chestnut,1241500.0,106,False,True
4594,spandex,2067000.0,125,False,True
4595,shawl,1433000.0,141,False,True
4596,aromatherapy,1431000.0,111,False,True
4597,latte,1863000.0,592,False,True
4598,baguette,7848000.0,147,False,True
4599,windbreaker,1563500.0,109,False,True
4600,cellulite,3102000.0,161,False,True
4602,pajama,827500.0,455,False,True
4606,camisole,1531000.0,150,False,True
4609,tbt,3001000.0,5020,False,True
4610,peridot,2111000.0,33,False,True
4611,mahogany,1701000.0,117,False,True
4612,shapewear,2274000.0,49,False,True
4613,lob,1586000.0,252,False,True
4617,denim,2067000.0,11194,False,True
4618,choker,2220000.0,1582,False,True
4622,cacao,2103000.0,106,False,True
4623,fall,3438000.0,7849,False,True
4626,bodysuit,1933000.0,975,False,True
4628,millet,2681000.0,1207,False,True
4635,follow,1979000.0,15244,False,True
4636,pomade,2265000.0,417,False,True
4640,tweezers,2175000.0,64,False,True
4643,vests,1247000.0,100,False,True
4644,charcoal,2400000.0,545,False,True
4645,clogs,2781000.0,113,False,True
4648,burnout,2591000.0,152,False,True
4652,eyeshadow,1667000.0,1715,False,True
4655,toner,2926000.0,195,False,True
4656,coupon,2581000.0,2291,False,True
4658,crepe,2391000.0,450,False,True
4660,goth,2121000.0,211,False,True
4661,swim,3921000.0,2312,False,True
4662,melaleuca,3201000.0,2,False,True
4663,turtleneck,1244000.0,223,False,True
4664,lotion,1722000.0,611,False,True
4665,mink,2157000.0,206,False,True
4669,suede,2410000.0,3469,False,True
4670,tribal,3256000.0,1809,False,True
4671,glossybox,2581000.0,35,False,True
4672,ponchos,1570000.0,349,False,True
4676,brown,2581000.0,3789,False,True
4680,patchwork,3036000.0,371,False,True
4681,rouge,2436000.0,599,False,True
4682,hosiery,1017000.0,59,False,True
4683,deal,2726000.0,3628,False,True
4685,wool,2180000.0,1196,False,True
4686,ivory,2671000.0,1002,False,True
4687,felt,2501000.0,1590,False,True
4688,bobs,2445000.0,160,False,True
4692,cotton,2481000.0,4044,False,True
4694,gray,3146000.0,1523,False,True
4695,lace,2761000.0,8034,False,True
4696,bump,1782000.0,1393,False,True
4698,nightgown,1378000.0,24,False,True
4701,hairspray,2626000.0,228,False,True
4702,figurines,1723000.0,84,False,True
4709,save,2601000.0,7277,False,True
4711,rucksÌ_cke,2150000.0,0,False,True
4716,bralette,2509000.0,724,False,True
4717,overalls,3525000.0,785,False,True
4718,yogurt,3914000.0,1187,False,True
4719,boxers,2176000.0,926,False,True
4720,outerwear,1665000.0,487,False,True
4721,tiara,2993000.0,196,False,True
4723,totes,2320000.0,333,False,True
4724,instyler,2044000.0,668,False,True
4725,pretty,3201000.0,12531,False,True
4727,matcha,3335000.0,336,False,True
4729,jumpsuits,3563000.0,1942,False,True
4730,cream,3311000.0,6047,False,True
4731,boutique,2926000.0,3621,False,True
4732,plush,1897000.0,330,False,True
4733,cameo,2446000.0,279,False,True
4736,triathlon,4557000.0,158,False,True
4737,coal,1978000.0,137,False,True
4739,silk,3335000.0,3322,False,True
4740,alma,2981000.0,141,False,True
4741,lime,2671000.0,925,False,True
4742,blouse,3390000.0,1908,False,True
4744,mittens,1227100.0,63,False,True
4747,braids,2745000.0,2760,False,True
4748,wedges,6384000.0,1270,False,True
4750,acupuncture,3512000.0,28,False,True
4751,contour,2221000.0,1345,False,True
4754,coachella,8230000.0,13534,False,True
4756,cape,2895000.0,711,False,True
4758,blush,2456000.0,3165,False,True
4759,bulgari,2275000.0,193,False,True
4760,lavender,3158000.0,984,False,True
4761,hiking,2881000.0,738,False,True
4763,bikinis,5058000.0,2656,False,True
4766,magenta,3378000.0,182,False,True
4768,quartz,2871000.0,684,False,True
4769,fur,2018000.0,1006,False,True
4771,lips,2891000.0,3275,False,True
4773,suspenders,2533000.0,56,False,True
4777,street,2716000.0,8789,False,True
4781,alpaca,3512000.0,91,False,True
4782,western,3512000.0,900,False,True
4784,sateen,3807000.0,77,False,True
4785,emerald,3335000.0,756,False,True
4787,smoothie,5550000.0,2019,False,True
4790,bonus,3512000.0,761,False,True
4791,headbands,2938000.0,249,False,True
4792,onyx,3661000.0,247,False,True
4793,promo,3479000.0,1528,False,True
4794,chia,5086000.0,395,False,True
4799,pumps,4881000.0,1578,False,True
4801,rosacea,4294000.0,69,False,True
4803,pique,4182000.0,84,False,True
4808,rockabilly,4309000.0,27,False,True
4811,weheartit,5386000.0,20,False,True
4813,flannel,2286000.0,231,False,True
4814,swimsuit,4551000.0,2169,False,True
4815,skirt,3877000.0,5468,False,True
4816,concealer,3048000.0,1072,False,True
4817,drivers,3941000.0,1174,False,True
4818,lemon,3780000.0,2097,False,True
4820,azure,3780000.0,142,False,True
4821,cappuccino,3512000.0,135,False,True
4823,topaz,3158000.0,153,False,True
4824,chevron,5004000.0,354,False,True
4828,tanks,3180000.0,364,False,True
4830,maxi,3713000.0,2801,False,True
4832,burgundy,2587000.0,431,False,True
4834,bandana,4822000.0,693,False,True
4835,tuxedo,3436000.0,392,False,True
4837,briefcase,2658000.0,227,False,True
4840,fleece,2587000.0,358,False,True
4841,jersey,5850000.0,1873,False,True
4842,moccasins,2497000.0,158,False,True
4843,camel,4160000.0,539,False,True
4844,latina,4558000.0,310,False,True
4848,anniversary,4160000.0,2459,False,True
4849,jeggings,3311000.0,61,False,True
4851,nuts,3142000.0,607,False,True
4852,kale,5850000.0,712,False,True
4853,sapphire,4145000.0,832,False,True
4856,military,3959000.0,1017,False,True
4857,thanksgiving,14366000.0,80,False,True
4858,suitcase,5186000.0,521,False,True
4859,fringe,5723000.0,3311,False,True
4860,bolero,5168000.0,61,False,True
4861,navy,4212000.0,3248,False,True
4863,maternity,7134000.0,1599,False,True
4866,style,5796000.0,49872,False,True
4867,peach,5273000.0,1433,False,True
4870,pantyhose,4093000.0,16,False,True
4871,skirts,6019000.0,735,False,True
4874,bvlgari,3594000.0,54,False,True
4875,amethyst,3728000.0,210,False,True
4876,eyeliner,3810000.0,1408,False,True
4879,contouring,2850000.0,891,False,True
4881,summer,7739000.0,28091,False,True
4882,platinum,4227000.0,843,False,True
4883,thong,3594000.0,314,False,True
4884,violet,4080000.0,822,False,True
4887,plaid,2981000.0,753,False,True
4888,camouflage,4509000.0,304,False,True
4890,strawberry,5004000.0,1481,False,True
4893,inspiration,3621000.0,14279,False,True
4894,look,4658000.0,55109,False,True
4895,bedspreads,6869000.0,21,False,True
4896,trainers,3483000.0,1418,False,True
4897,oscar,5756000.0,1320,False,True
4898,corset,6269000.0,231,False,True
4900,leather,4758000.0,9173,False,True
4902,cufflinks,3910000.0,187,False,True
4903,handbag,4144000.0,2039,False,True
4904,spring,7965000.0,63952,False,True
4905,swimwear,9906000.0,2424,False,True
4906,ties,3044000.0,742,False,True
4907,tights,4006000.0,1338,False,True
4910,ombre,5950000.0,701,False,True
4911,tangerine,4904000.0,192,False,True
4914,neon,5850000.0,1080,False,True
4917,grey,7232000.0,3701,False,True
4919,espresso,6196000.0,459,False,True
4921,tunic,3871000.0,898,False,True
4924,fedora,5750000.0,319,False,True
4925,green,5450000.0,7581,False,True
4926,studs,1632500.0,567,False,True
4927,yellow,5268000.0,3126,False,True
4931,pomegranate,3958000.0,187,False,True
4934,kimono,8084000.0,694,False,True
4938,store,5950000.0,13582,False,True
4939,ruby,6073000.0,910,False,True
4941,fragrance,3601000.0,2167,False,True
4942,turquoise,5250000.0,1088,False,True
4944,avocado,6419000.0,1801,False,True
4946,cashmere,2867000.0,751,False,True
4947,crochet,6219000.0,1373,False,True
4948,purple,5127000.0,2071,False,True
4949,ipsy,6142000.0,119,False,True
4952,jumper,5537000.0,773,False,True
4954,shirt,6119000.0,9075,False,True
4955,gift,3569000.0,6088,False,True
4956,cocktail,5491000.0,3450,False,True
4957,essence,5973000.0,800,False,True
4958,activewear,3679000.0,979,False,True
4959,quilts,12275000.0,65,False,True
4963,opal,6319000.0,490,False,True
4966,silver,6469000.0,3795,False,True
4970,sweatshirts,3894000.0,489,False,True
4971,model,6419000.0,10193,False,True
4972,bracelet,6319000.0,3697,False,True
4973,foundation,5127000.0,3465,False,True
4974,mint,6542000.0,1673,False,True
4975,flats,5154000.0,1479,False,True
4976,fabric,8330000.0,2763,False,True
4978,coat,4719000.0,3269,False,True
4979,acne,7211000.0,1001,False,True
4981,sweatpants,4182000.0,215,False,True
4982,peacock,5896000.0,233,False,True
4983,surf,5591000.0,1719,False,True
4984,candle,3379000.0,971,False,True
4986,mascara,5496000.0,1710,False,True
4987,cute,6442000.0,9721,False,True
4988,nice,10866000.0,3838,False,True
4989,lipstick,5509000.0,5127,False,True
4990,shampoo,7580000.0,1400,False,True
4992,g-star,7634000.0,0,False,True
4994,like,6783000.0,51003,False,True
4995,scrubs,9584000.0,496,False,True
4997,booties,5047000.0,831,False,True
4998,eczema,9053000.0,71,False,True
4999,hair,7334000.0,23229,False,True
5000,shop,8453000.0,47506,False,True
5001,jumpsuit,8534000.0,1939,False,True
5003,pearl,6815000.0,1571,False,True
5004,swag,10335000.0,1150,False,True
5006,heels,9575000.0,4380,False,True
5007,sleepwear,3164000.0,104,False,True
5008,gowns,3026000.0,1048,False,True
5010,cologne,4406000.0,193,False,True
5011,pregnancy,7553000.0,1877,False,True
5015,retro,8003000.0,2886,False,True
5016,velvet,6711000.0,1392,False,True
5017,hat,6869000.0,5677,False,True
5018,blazer,8957000.0,1601,False,True
5019,fun,10201000.0,14887,False,True
5020,poncho,7780000.0,353,False,True
5022,robe,7684000.0,484,False,True
5023,best,9692000.0,41825,False,True
5026,fashion,10866000.0,42104,False,True
5031,smile,10823000.0,2467,False,True
5032,underwear,7142000.0,852,False,True
5033,coats,5046000.0,592,False,True
5035,ring,8030000.0,5405,False,True
5036,cardigan,7496000.0,863,False,True
5037,joggers,6537000.0,462,False,True
5038,blue,10823000.0,14484,False,True
5039,birchbox,8030000.0,258,False,True
5040,boxer,10823000.0,225,False,True
5042,water,11440000.0,6572,False,True
5044,sweatshirt,5259000.0,940,False,True
5045,white,9584000.0,22222,False,True
5046,bra,10823000.0,2735,False,True
5047,beanie,4710000.0,316,False,True
5048,parka,5963000.0,276,False,True
5049,tea,8877000.0,2715,False,True
5052,book,11880000.0,7836,False,True
5055,winter,4889000.0,11115,False,True
5056,halloween,63282000.0,507,False,True
5057,cool,11526000.0,11779,False,True
5059,sandals,22910000.0,5856,False,True
5060,clothes,10201000.0,3202,False,True
5061,quinoa,15940000.0,676,False,True
5063,girl,11660000.0,13253,False,True
5064,diamond,9804000.0,4203,False,True
5065,hoodie,7150000.0,1173,False,True
5066,loafers,12289000.0,709,False,True
5068,sale,11115000.0,10905,False,True
5069,selfie,13200000.0,3954,False,True
5070,gifts,4556000.0,1680,False,True
5071,birthday,11440000.0,8628,False,True
5072,longboard,17430000.0,177,False,True
5075,bikini,22540000.0,5507,False,True
5076,shorts,13506000.0,4654,False,True
5077,crossfit,18150000.0,321,False,True
5078,ski,8739000.0,761,False,True
5079,dress,19440000.0,31965,False,True
5080,beauty,13122000.0,31751,False,True
5081,snowboard,7081000.0,365,False,True
5083,wallets,9435000.0,631,False,True
5086,amway,16830000.0,0,False,True
5087,safari,16220000.0,554,False,True
5088,coral,15990000.0,1271,False,True
5090,sunglasses,27910000.0,3673,False,True
5091,sneakers,14880000.0,5347,False,True
5092,panties,8735000.0,192,False,True
5093,popcorn,13160000.0,438,False,True
5094,gloves,6819000.0,619,False,True
5095,suits,19710000.0,1220,False,True
5099,arduino,17260000.0,0,False,True
5100,ama,14920000.0,238,False,True
5101,crocs,22740000.0,69,False,True
5106,onesie,7550000.0,200,False,True
5107,scarf,7032000.0,1521,False,True
5108,beautiful,19140000.0,23316,False,True
5109,pop,18150000.0,6897,False,True
5110,gold,20540000.0,11204,False,True
5111,necklace,11165000.0,4307,False,True
5112,bracelets,7746000.0,1424,False,True
5113,happy,20540000.0,25197,False,True
5115,run,11231000.0,5877,False,True
5116,fitness,18810000.0,4357,False,True
5117,wallet,12770000.0,1166,False,True
5118,backpack,28730000.0,1933,False,True
5119,black,19050000.0,21296,False,True
5121,bras,14286000.0,567,False,True
5122,friends,20950000.0,12497,False,True
5124,hanukkah,3605500.0,6,False,True
5125,vintage,20700000.0,7252,False,True
5126,leggings,15246000.0,1723,False,True
5127,canvas,23010000.0,1489,False,True
5128,red,21770000.0,12954,False,True
5129,skateboard,15213000.0,874,False,True
5130,rings,15970000.0,2360,False,True
5131,jackets,13176000.0,1500,False,True
5132,me,27640000.0,27012,False,True
5133,yoga,20290000.0,3536,False,True
5134,art,16910000.0,14263,False,True
5136,hike,7588000.0,661,False,True
5137,bts,13289000.0,1724,False,True
5138,indigo,26230000.0,1130,False,True
5139,g-shock,20540000.0,0,False,True
5140,girls,23590000.0,9163,False,True
5144,lingerie,23180000.0,2271,False,True
5145,perfume,13949000.0,1062,False,True
5146,smartwatch,14683000.0,128,False,True
5147,wine,14670000.0,2826,False,True
5148,moto,51350000.0,752,False,True
5149,earrings,23630000.0,3449,False,True
5151,bike,28730000.0,1379,False,True
5152,pink,24810000.0,11118,False,True
5153,nude,35020000.0,3180,False,True
5154,makeup,21370000.0,17737,False,True
5155,love,39810000.0,55346,False,True
5156,luggage,35890000.0,572,False,True
5157,watch,32950000.0,24240,False,True
5159,jewelry,30040000.0,6662,False,True
5160,calendar,47720000.0,949,False,True
5162,slippers,15159000.0,511,False,True
5163,handbags,57200000.0,882,False,True
5164,jeans,41840000.0,7871,False,True
5165,pants,22828000.0,3771,False,True
5166,shopping,53140000.0,6805,False,True
5167,headphones,48810000.0,438,False,True
5168,sweaters,22638000.0,454,False,True
5169,baby,81300000.0,12444,False,True
5171,dresses,79580000.0,10090,False,True
5172,watches,54840000.0,2454,False,True
5173,smartphone,45230000.0,713,False,True
5175,cars,116380000.0,1051,False,True
5176,ipad,74440000.0,610,False,True
5178,iphone,101740000.0,2355,False,True
5179,tablet,73920000.0,636,False,True
5180,fitbit,69440000.0,232,False,True
5181,frozen,102280000.0,19757,False,True
5182,shoes,113980000.0,13019,False,True
5183,christmas,33480000.0,501,False,True
5184,lego,131440000.0,426,False,True
5185,orange,279400000.0,2980,False,True
5189,bgextraordinary,0.0,0,True,True
5202,victorian,906000.0,521,False,True
5230,tracksuit,972500.0,152,False,True
5233,embroidery,2145000.0,1048,False,True
5243,clutch,5323000.0,2021,False,True
5247,bourbon,3326000.0,285,False,True
5276,gloss,662000.0,1140,False,True
5277,nordstromvan,0.0,26,True,True
5309,pregnancystyle,0.0,244,True,True
5323,bridalweek,430.0,76,False,True
5338,pregnantfashion,0.0,233,True,True
5343,macrame,1350000.0,289,False,True
5344,nextootd,0.0,0,True,True
5345,coffee,27230000.0,5987,False,True
5347,nosebum,0.0,0,True,True
5353,bridalfashionweek,150.0,896,True,True
5362,cfdaswarovski,0.0,0,True,True
5364,lariat,320400.0,167,False,True
5367,londonfashionwk,0.0,79,True,True
5387,rum,2841000.0,232,False,True
5390,polartec,249500.0,2,False,True
5404,swarovskicollective,0.0,8,True,True
5412,100gala,0.0,0,True,True
5455,boots,88910000.0,4196,False,True
5465,bifaawards,0.0,0,True,True
5471,bumpchic,0.0,224,True,True
5473,whiskey,4250000.0,550,False,True
5493,suit,3558000.0,3583,False,True
5497,glossy,241600.0,964,False,True
5503,vodka,5696000.0,399,False,True
5534,time100gala,0.0,0,True,True
5540,pregnantstyle,0.0,244,True,True
5547,tequila,5123000.0,354,False,True
5548,nordstromto,0.0,6,True,True
5564,beading,307000.0,669,False,True
5565,jockey,2370000.0,83,False,True
5581,flame,1090000.0,213,False,True
5608,nordstromott,0.0,0,True,True
5620,nordstromyvr,0.0,5,True,True
5629,rye,1300000.0,122,False,True
5639,wedding,8434000.0,24922,False,True
5640,spirulina,5542000.0,36,False,True
5642,cfdanyfw,0.0,0,True,True
